{
    "1350.jpg":{
	"x": 9811,
	"y": 6426
    },
    "1625.jpg":{
	"x": 3068,
	"y": 10909
    },
    "2495.jpg":{
	"x": 4084,
	"y": 714
    },
    "3600.jpg":{
	"x": 7398,
	"y": 7565
    },
    "4625.jpg":{
	"x": 3377,
	"y": 13043
    },
    "6125.jpg":{
	"x": 2126,
	"y": 12054
    },
    "7625.jpg":{
	"x": 1509,
	"y": 11886
    },
    "8100.jpg":{
	"x": 7856,
	"y": 7647
    },
    "8495.jpg":{
	"x": 13446,
	"y": 2519
    },
    "10625.jpg":{
	"x": 1713,
	"y": 11703
    },
    "13000.jpg":{
	"x": 13506,
	"y": 2797
    },
    "13625.jpg":{
	"x": 3755,
	"y": 13376
    },
    "13870.jpg":{
	"x": 12350,
	"y": 2555
    },
    "14855.jpg":{
	"x": 12245,
	"y": 10212
    },
    "17100.jpg":{
	"x": 10055,
	"y": 9559
    },
    "18130.jpg":{
	"x": 9404,
	"y": 9353
    },
    "18600.jpg":{
	"x": 5881,
	"y": 8943
    },
    "20105.jpg":{
	"x": 7733,
	"y": 10369
    },
    "25000.jpg":{
	"x": 12777,
	"y": 5021
    },
    "25360.jpg":{
	"x": 14250,
	"y": 12980
    },
    "25435.jpg":{
	"x": 12129,
	"y": 8552
    },
    "26500.jpg":{
	"x": 3056,
	"y": 11403
    },
    "27605.jpg":{
	"x": 11110,
	"y": 1307
    },
    "30480.jpg":{
	"x": 3012,
	"y": 9348
    },
    "31000.jpg":{
	"x": 6366,
	"y": 6475
    },
    "32185.jpg":{
	"x": 11498,
	"y": 6317
    },
    "32860.jpg":{
	"x": 8621,
	"y": 8659
    },
    "33135.jpg":{
	"x": 13379,
	"y": 6612
    },
    "34000.jpg":{
	"x": 4466,
	"y": 9493
    },
    "34235.jpg":{
	"x": 11700,
	"y": 7405
    },
    "35860.jpg":{
	"x": 10800,
	"y": 10231
    },
    "36385.jpg":{
	"x": 12333,
	"y": 8591
    },
    "37635.jpg":{
	"x": 6132,
	"y": 12672
    },
    "38080.jpg":{
	"x": 6918,
	"y": 13254
    },
    "40000.jpg":{
	"x": 5690,
	"y": 5589
    },
    "43560.jpg":{
	"x": 10491,
	"y": 12628
    },
    "43635.jpg":{
	"x": 10779,
	"y": 3624
    },
    "46640.jpg":{
	"x": 6414,
	"y": 9878
    },
    "49365.jpg":{
	"x": 4911,
	"y": 9461
    },
    "52445.jpg":{
	"x": 8719,
	"y": 9269
    },
    "64000.jpg":{
	"x": 756,
	"y": 2757
    }
}
